{
  "type": "origins:multiple",
  "heal": {
    "type": "origins:action_over_time",
    "condition": {
      "type": "origins:resource",
      "resource": "phoenix:radiant_call_cooldown",
      "comparison": "<=",
      "compare_to": 0
    },
    "entity_action": {
      "type": "origins:and",
      "actions": [
        {
          "type": "origins:execute_command",
          "command": "function phoenix:radiant_call",
          "permission_level": 4
        },
        {
          "type": "origins:trigger_cooldown",
          "power": "phoenix:radiant_call_cooldown"
        }
      ]
    },
    "interval": 20
  },
  "cooldown": {
    "type": "origins:cooldown",
    "cooldown": 6000,
    "hud_render": {
      "sprite_location": "origins:textures/gui/community/spiderkolo/resource_bar_02.png",
      "bar_index": 8
    }
  },
  "reset_on_respawn": {
    "type": "origins:action_on_callback",
    "entity_action_respawned": {
      "type": "origins:change_resource",
      "resource": "phoenix:radiant_call_cooldown",
      "change": 6000
    }
  },
  "name": "Radiant Call",
  "description": "Fully heals every player and mob within a 12 block radius. Triggers automatically every 5 minutes."
}