{
  "type": "origins:action_over_time",
  "interval": 20,
  "entity_action": {
    "type": "origins:and",
    "actions": [
      {
        "type": "origins:if_else",
        "condition": {
          "type": "origins:and",
          "conditions": [
            {
              "type": "origins:command",
              "command": "time query daytime",
              "comparison": "<",
              "compare_to": "30"
            },
            {
              "type": "origins:resource",
              "resource": "phoenix:rebirth_state",
              "comparison": ">=",
              "compare_to": 1
            }
          ]
        },
        "if_action": {
          "type": "origins:and",
          "actions": [
            {
              "type": "origins:execute_command",
              "command": "function phoenix:rebirth_full_size",
              "permission_level": 4
            },
            {
              "type": "origins:heal",
              "amount": 6
            }
          ]
        }
      }
    ]
  },
  "name": "Rejuvenation",
  "description": "At sunrise, if you were in your Reborn Form, you will return to Normal Form."
}